id,logged_at,season,week,game_date,kickoff,weekday,game,team,side_of_mechanism,tier,expect,player,position,market,line,side,my_p,why,odds,opp_odds,market_p,edge,close_odds,close_opp_odds,market_p_close,edge_close,closed_at,own_def_rank,def_rank_opp,def_gap,implied_total,deficit,spread,total,roof,pace,base_tgt_share,base_rec,base_car,base_snap,skip_reason,amendments,actual,outcome,resolved_at,formula_p,formula_expected,methodology_version
n9tmenlzdi,2026-09-27T00:09:30.050Z,2026,3,2026-09-27,2026-09-27T13:00:00-04:00,Sunday,SEA @ WAS,SEA,leading,core_rush,over,Jadarian Price,RB,rush_attempts,12.5,over,0.308,"41% snap share on an offensive pace of 56 plays per game. I use normalcdf(12.5,1e99,10.66,3.66) and predict a probability of 0.308 of going over this weeks projections",-120,-110,0.5101,-0.2021,,,,,,1,30,29,24,7.5,-7.5,40.5,outdoors,56,0.08,1.5,11.5,0.41,,[],5,0,2026-09-29T16:25:03+00:00,,,
e591ru4jj9,2026-09-27T00:23:04.974Z,2026,3,2026-09-27,2026-09-27T13:00:00-04:00,Sunday,KC @ MIA,KC,leading,core_rush,over,Kenneth Walker III,RB,rush_attempts,17.5,over,0.914,"75% snap share on an offensive pace of 70.5 plays per game. I use normalcdf(17.5,1e99,22.5,3.66) and predict a probability of 0.914 of going over this weeks projections",-114,-114,0.5,0.414,,,,,,14,27,13,27.8,10,-10,45.5,outdoors,70.5,0.236,4.5,23.5,0.75,,[],18,1,2026-09-29T16:25:03+00:00,,,
4e1h2foflb,2026-09-27T00:30:10.878Z,2026,3,2026-09-27,2026-09-27T13:00:00-04:00,Sunday,HOU @ IND,HOU,leading,core_rush,over,David Montgomery,RB,rush_attempts,11.5,over,0.85,"51% snap share on an offensive pace of 72 plays per game. Combined with 13 carries per game, I have him at 15.3 carries.",-130,-102,0.5282,0.3218,,,,,,7,29,22,22,1.5,-1.5,42.5,unknown,72,0.061,2.5,13,0.51,,[],11,0,2026-09-29T16:25:03+00:00,,,
jrfwf029q1,2026-09-27T00:32:18.611Z,2026,3,2026-09-27,2026-09-27T13:00:00-04:00,Sunday,SEA @ WAS,WAS,trailing,control_rush,under,Jacory Croskey-Merritt,RB,rush_attempts,11.5,under,0.1384,"43% snap share on an offensive pace of 66.5 plays per game. Combined with 14 carries per game, I have him at 15.48 carries.",-110,-120,0.4899,-0.3515,,,,,,30,1,29,16.5,7.5,-7.5,40.5,outdoors,66.5,0.032,1,14,0.43,,"[{""at"":""2026-09-27T00:41:22.940Z"",""from"":{""line"":11.5,""my_p"":0.862,""why"":""43% snap share on an offensive pace of 66.5 plays per game. Combined with 14 carries per game, I have him at 15.48 carries."",""odds"":-120,""opp_odds"":-110,""market_p"":0.5101,""edge"":0.3519}},{""at"":""2026-09-27T00:43:40.000Z"",""from"":{""line"":11.5,""my_p"":0.1384,""why"":""43% snap share on an offensive pace of 66.5 plays per game. Combined with 14 carries per game, I have him at 15.48 carries."",""odds"":-120,""opp_odds"":-110,""market_p"":0.5101,""edge"":-0.3717}}]",19,0,2026-09-29T16:25:03+00:00,,,
my4rlsk6jg,2026-09-27T00:43:15.813Z,2026,3,2026-09-27,2026-09-27T13:00:00-04:00,Sunday,KC @ MIA,MIA,trailing,control_rush,under,De'Von Achane,RB,rush_attempts,15.5,under,0.424,"81% snap share on an offensive pace of 48.5 plays per game. Combined with 15.5 carries per game, I have him at 16.2 carries.",-125,-106,0.5192,-0.0952,,,,,,27,14,13,17.8,10,-10,45.5,outdoors,48.5,0.223,3.5,15.5,0.81,,[],3,1,2026-09-29T16:25:03+00:00,,,
8k61t727er,2026-09-27T00:45:17.267Z,2026,3,2026-09-27,2026-09-27T13:00:00-04:00,Sunday,HOU @ IND,IND,trailing,control_rush,under,Jonathan Taylor,RB,rush_attempts,19.5,under,0.114,"92% snap share on an offensive pace of 57 plays per game. Combined with 21.5 carries per game, I have him at 23.92 carries.",-114,-114,0.5,-0.386,,,,,,29,7,22,20.5,1.5,-1.5,42.5,unknown,57,0.136,3.5,21.5,0.92,,[],23,0,2026-09-29T16:25:03+00:00,,,
pf1xecbl2j,2026-09-27T00:47:50.897Z,2026,3,2026-09-27,2026-09-27T13:00:00-04:00,Sunday,SEA @ WAS,WAS,trailing,core_pass,over,Stefon Diggs,WR,receptions,3.5,over,0.561,"57% snap share on an offensive pace of 66.5 plays per game. Combined with 24% target share, I have him at 3.83 receptions.",-152,114,0.5635,-0.0025,,,,,,30,1,29,16.5,7.5,-7.5,40.5,outdoors,66.5,0.243,4.5,0,0.57,,[],4,1,2026-09-29T16:25:03+00:00,,,
8ik3obepl6,2026-09-27T00:49:40.924Z,2026,3,2026-09-27,2026-09-27T13:00:00-04:00,Sunday,KC @ MIA,MIA,trailing,core_pass,over,Malik Washington,WR,receptions,3.5,over,0.684,"85% snap share on an offensive pace of 48.5 plays per game. Combined with 26% target share, I have him at 4.53 receptions.",-138,104,0.5419,0.1421,,,,,,27,14,13,17.8,10,-10,45.5,outdoors,48.5,0.257,3.5,0.5,0.85,,[],5,1,2026-09-29T16:25:03+00:00,,,
v45eflk6cr,2026-09-27T00:51:28.363Z,2026,3,2026-09-27,2026-09-27T13:00:00-04:00,Sunday,HOU @ IND,IND,trailing,core_pass,over,Josh Downs,WR,receptions,4.5,over,0.708,"86% snap share on an offensive pace of 57 plays per game. Combined with 22% target share, I have him at 5.68 receptions.",-128,-104,0.5241,0.1839,,,,,,29,7,22,20.5,1.5,-1.5,42.5,unknown,57,0.219,4.5,0,0.86,,[],5,1,2026-09-29T16:25:03+00:00,,,
hgi3f4z5gf,2026-09-27T00:53:13.678Z,2026,3,2026-09-27,2026-09-27T13:00:00-04:00,Sunday,SEA @ WAS,SEA,leading,control_pass,under,Jaxon Smith-Njigba,WR,receptions,6.5,under,0.067,"79% snap share on an offensive pace of 56 plays per game. Combined with 44% target share, I have him at 9.73 receptions.",-118,-112,0.5061,-0.4391,,,,,,1,30,29,24,7.5,-7.5,40.5,outdoors,56,0.441,8.5,0,0.79,,[],10,0,2026-09-29T16:25:03+00:00,,,
9clcjb7d06,2026-09-27T00:54:48.891Z,2026,3,2026-09-27,2026-09-27T13:00:00-04:00,Sunday,KC @ MIA,KC,leading,control_pass,under,Xavier Worthy,WR,receptions,3.5,under,0.156,"81% snap share on an offensive pace of 70.5 plays per game. Combined with 20% target share, I have him at 5.67 receptions.",-125,-106,0.5192,-0.3632,,,,,,14,27,13,27.8,10,-10,45.5,outdoors,70.5,0.201,4,0,0.81,,[],2,1,2026-09-29T16:25:03+00:00,,,
oscacky42j,2026-09-27T00:55:28.659Z,2026,3,2026-09-27,2026-09-27T13:00:00-04:00,Sunday,HOU @ IND,HOU,leading,control_pass,under,Nico Collins,WR,receptions,,,,,,,,,,,,,,7,29,22,22,1.5,-1.5,42.5,unknown,72,0.27,7,1,0.72,Player is inactive this week.,[],,skip,,,,
jfstochx70,2026-09-27T00:57:42.557Z,2026,3,2026-09-27,2026-09-27T16:05:00-04:00,Sunday,MIN @ TB,MIN,leading,core_rush,over,Aaron Jones,RB,rush_attempts,13.5,over,0.805,"64% snap share on an offensive pace of 53 plays per game. Combined with 17.5 carries per game, I have him at 16.64 carries.",-102,-130,0.4718,0.3332,,,,,,2,13,11,22,1.5,-1.5,42.5,outdoors,53,0.022,0,17.5,0.64,,[],17,1,2026-09-29T16:25:03+00:00,,,
1d4s0eq86v,2026-09-27T00:59:06.594Z,2026,3,2026-09-27,2026-09-27T16:05:00-04:00,Sunday,ARI @ SF,SF,leading,core_rush,over,Kaelon Black,RB,rush_attempts,,,,,,,,,,,,,,18,19,1,28,8.5,8.5,47.5,outdoors,56.5,0.015,0.5,10.5,0.38,no odds provided by FanDuel,[],,skip,,,,
sbt9yyw8pv,2026-09-27T01:02:18.735Z,2026,3,2026-09-27,2026-09-27T16:05:00-04:00,Sunday,MIN @ TB,TB,trailing,control_rush,under,Bucky Irving,RB,rush_attempts,15.5,under,0.679,"70% snap share on an offensive pace of 53.5 plays per game. Combined with 12.5 carries per game, I have him at 13.8 carries.",-132,100,0.5323,0.1467,,,,,,13,2,11,20.5,1.5,-1.5,42.5,outdoors,53.5,0.19,5.5,12.5,0.7,,[],15,1,2026-09-29T16:25:03+00:00,,,
nsbkevhceg,2026-09-27T13:45:21.471Z,2026,3,2026-09-27,2026-09-27T16:05:00-04:00,Sunday,ARI @ SF,ARI,trailing,control_rush,under,Tyler Allgeier,RB,rush_attempts,,,,,,,,,,,,,,19,18,1,19.5,8.5,8.5,47.5,outdoors,58,0.065,2,11,0.61,carry odds not on FanDuel,[],,skip,,,,
fex2dqs1es,2026-09-27T13:49:11.599Z,2026,3,2026-09-27,2026-09-27T16:05:00-04:00,Sunday,ARI @ SF,ARI,trailing,core_pass,over,Michael Wilson,WR,receptions,3.5,over,0.927,"90% snap share on an offensive pace of 58 plays per game. Combined with 23% target share, I have him at 6.62 receptions.",-148,112,0.5585,0.3685,,,,,,19,18,1,19.5,8.5,8.5,47.5,outdoors,58,0.229,3.5,0,0.9,,[],11,1,2026-09-29T16:25:03+00:00,,,
88f5b8u0if,2026-09-27T13:51:22.658Z,2026,3,2026-09-27,2026-09-27T16:05:00-04:00,Sunday,ARI @ SF,SF,leading,control_pass,under,Deebo Samuel Sr.,WR,receptions,3.5,under,0.122,"offensive pace of 56.5 plays per game. Combined with 20% target share, I have him at 6 receptions.",124,-166,0.417,-0.295,,,,,,18,19,1,28,8.5,8.5,47.5,outdoors,56.5,0.198,4.5,1,,,"[{""at"":""2026-09-27T13:52:52.509Z"",""from"":{""line"":3.5,""my_p"":0.997,""why"":""offensive pace of 56.5 plays per game. Combined with 20% target share, I have him at 6 receptions."",""odds"":124,""opp_odds"":-166,""market_p"":0.417,""edge"":0.58}}]",0,1,2026-09-29T16:25:03+00:00,,,
39msse6cpj,2026-09-27T13:54:31.750Z,2026,3,2026-09-27,2026-09-27T16:05:00-04:00,Sunday,MIN @ TB,TB,trailing,core_pass,over,Emeka Egbuka,WR,receptions,4.5,over,0.515,"86% snap share on an offensive pace of 53.5 plays per game. Combined with 19% target share, I have him at 5.57 receptions.",118,-158,0.4283,0.0867,,,,,,13,2,11,20.5,1.5,-1.5,42.5,outdoors,53.5,0.187,4,0.5,0.86,,[],5,1,2026-09-29T16:25:03+00:00,,,
h1qhwvgz2h,2026-09-27T13:56:22.115Z,2026,3,2026-09-27,2026-09-27T16:05:00-04:00,Sunday,MIN @ TB,MIN,leading,control_pass,under,Justin Jefferson,WR,receptions,5.5,under,0.117,"96% snap share on an offensive pace of 53 plays per game. Combined with 35% target share, I have him at 8.06 receptions.",104,-138,0.4581,-0.3411,,,,,,2,13,11,22,1.5,-1.5,42.5,outdoors,53,0.354,5.5,0,0.96,,[],2,1,2026-09-29T16:25:03+00:00,,,
6g4pupehv3,2026-09-27T13:59:55.040Z,2026,3,2026-09-27,2026-09-27T16:25:00-04:00,Sunday,BAL @ DAL,BAL,leading,core_rush,over,Derrick Henry,RB,rush_attempts,18.5,over,0.56,"54% snap share on an offensive pace of 57.5 plays per game. Combined with 20 carries per game, I have him at 19.05 carries.",102,-136,0.4621,0.0979,,,,,,19,32,13,28.2,3,-3,53.5,unknown,57.5,0.073,2,20,0.54,,[],26,1,2026-09-29T16:25:03+00:00,,,
mgm9cvwbtg,2026-09-27T14:03:15.083Z,2026,3,2026-09-27,2026-09-27T16:25:00-04:00,Sunday,BAL @ DAL,DAL,trailing,control_rush,under,Javonte Williams,RB,rush_attempts,14.5,under,0.735,"76% snap share on an offensive pace of 52 plays per game. Combined with 12 carries per game, I have him at 12.2 carries.",-122,-108,0.5142,0.2208,,,,,,32,19,13,25.2,3,-3,53.5,unknown,52,0.148,4,12,0.76,,[],19,0,2026-09-29T16:25:03+00:00,,,
8wbnkzq4z8,2026-09-27T14:06:08.665Z,2026,3,2026-09-27,2026-09-27T16:25:00-04:00,Sunday,BAL @ DAL,DAL,trailing,core_pass,over,CeeDee Lamb,WR,receptions,6.5,over,0.59,"78% snap share on an offensive pace of 52 plays per game. Combined with 28% target share, I have him at 6.990 receptions.",-114,-114,0.5,0.09,,,,,,32,19,13,25.2,3,-3,53.5,unknown,52,0.278,6.5,0.5,0.78,,[],7,1,2026-09-29T16:25:03+00:00,,,
8u3t27owfx,2026-09-27T14:06:47.223Z,2026,3,2026-09-27,2026-09-27T16:25:00-04:00,Sunday,BAL @ DAL,BAL,leading,control_pass,under,Zay Flowers,WR,receptions,,,,,,,,,,,,,,19,32,13,28.2,3,-3,53.5,unknown,57.5,0.25,5,0,0.29,player is not active this week,[],,skip,,,,
pmnrd3w90f,2026-09-27T14:09:57.471Z,2026,3,2026-09-27,2026-09-27T20:20:00-04:00,Sunday,LA @ DEN,LA,leading,core_rush,over,Kyren Williams,RB,rush_attempts,12.5,over,0.483,"59% snap share on an offensive pace of 58 plays per game. Combined with 11.5 carries per game, I have him at 12.34 carries.",-114,-114,0.5,-0.017,,,,,,10,15,5,23.5,2.5,-2.5,44.5,outdoors,58,0.089,2.5,11.5,0.59,,[],15,1,2026-09-29T16:25:03+00:00,,,
3g47lhdd55,2026-09-27T14:11:32.332Z,2026,3,2026-09-27,2026-09-27T20:20:00-04:00,Sunday,LA @ DEN,DEN,trailing,control_rush,under,J.K. Dobbins,RB,rush_attempts,11.5,under,0.721,"39% snap share on an offensive pace of 51 plays per game. Combined with 9 carries per game, I have him at 9.36 carries.",118,-158,0.4283,0.2927,,,,,,15,10,5,21,2.5,-2.5,44.5,outdoors,51,0,0,9,0.39,,[],17,0,2026-09-29T16:25:03+00:00,,,
nor4t38rz8,2026-09-27T14:14:01.423Z,2026,3,2026-09-27,2026-09-27T20:20:00-04:00,Sunday,LA @ DEN,DEN,trailing,core_pass,over,Jaylen Waddle,WR,receptions,4.5,over,0.42,"68% snap share on an offensive pace of 51 plays per game. Combined with 23% target share, I have him at 4.066 receptions.",-154,116,0.567,-0.147,,,,,,15,10,5,21,2.5,-2.5,44.5,outdoors,51,0.228,4.5,0,0.68,,[],2,0,2026-09-29T16:25:03+00:00,,,
mz1umldg58,2026-09-27T14:14:11.055Z,2026,3,2026-09-27,2026-09-27T20:20:00-04:00,Sunday,LA @ DEN,LA,leading,control_pass,under,Puka Nacua,WR,receptions,,,,,,,,,,,,,,10,15,5,23.5,2.5,-2.5,44.5,outdoors,58,0.333,5,0,0.7,player not active this week,[],,skip,,,,
tbueqnenmp,2026-09-27T14:17:14.055Z,2026,3,2026-09-28,2026-09-28T20:15:00-04:00,Monday,PHI @ CHI,PHI,leading,core_rush,over,Saquon Barkley,RB,rush_attempts,17.5,over,0.359,"43% snap share on an offensive pace of 59.5 plays per game. Combined with 9.5 carries per game and being injured most of last game, I have him at 16.18 carries, bumped by 5 carries from my 11.18 mathematical prediction due to my knowledge of last week's injury.",-114,-114,0.5,-0.141,,,,,,16,25,9,23,3.5,-3.5,42.5,outdoors,59.5,0.075,1,9.5,0.43,,[],15,0,2026-09-29T16:25:03+00:00,,,
npo9p8t012,2026-09-27T14:18:54.750Z,2026,3,2026-09-28,2026-09-28T20:15:00-04:00,Monday,PHI @ CHI,CHI,trailing,control_rush,under,D'Andre Swift,RB,rush_attempts,14.5,under,0.217,"62% snap share on an offensive pace of 67 plays per game. Combined with 17 carries per game, I have him at 17.36 carries.",-104,-128,0.4759,-0.2589,,,,,,25,16,9,19.5,3.5,-3.5,42.5,outdoors,67,0.103,3,17,0.62,,[],20,0,2026-09-29T16:25:03+00:00,,,
4n0hn2jn2k,2026-09-27T14:20:40.061Z,2026,3,2026-09-28,2026-09-28T20:15:00-04:00,Monday,PHI @ CHI,CHI,trailing,core_pass,over,Kalif Raymond,WR,receptions,2.5,over,0.817,"61% snap share on an offensive pace of 67 plays per game. Combined with 26% target share, I have him at 4.44 receptions.",-148,112,0.5585,0.2585,,,,,,25,16,9,19.5,3.5,-3.5,42.5,outdoors,67,0.256,6.5,0,0.61,,[],6,1,2026-09-29T16:25:03+00:00,,,
657oqw0psx,2026-09-27T14:22:42.327Z,2026,3,2026-09-28,2026-09-28T20:15:00-04:00,Monday,PHI @ CHI,PHI,leading,control_pass,under,DeVonta Smith,WR,receptions,5.5,under,0.321,"92% snap share on an offensive pace of 59.5 plays per game. Combined with 33% target share, I have him at 6.501 receptions.",-108,-122,0.4858,-0.1648,,,,,,16,25,9,23,3.5,-3.5,42.5,outdoors,59.5,0.328,6.5,0,0.92,,[],6,0,2026-09-29T16:25:03+00:00,,,
54rygv90a3,2026-10-03T17:42:09.337Z,2026,4,2026-10-04,2026-10-04T13:00:00-04:00,Sunday,ARI @ NYG,ARI,leading,core_rush,over,Jeremiyah Love,RB,rush_attempts,15.5,over,0.4524,"Our calculations have Love under his line, but over his average carries/game. The Giants have potent rushers and linebackers, leading me to believe that Love will be utilized more as a pass catcher this week.",-130,-102,0.5282,-0.0758,,,,,,16,31,15,23.5,2.5,-2.5,44.5,outdoors,65,0.108,3.3,13.7,0.49,,"[{""at"":""2026-10-03T17:43:20.780Z"",""from"":{""edge"":-0.0717,""formula_expected"":14.842,""formula_p"":0.4524,""line"":15.5,""market_p"":0.5241,""methodology_version"":""W4-R001"",""my_p"":0.4524,""odds"":-128,""opp_odds"":-104,""why"":""Our calculations have Love under his line, but over his average carries/game. The Giants have potent rushers and linebackers, leading me to believe that Love will be utilized more as a pass catcher this week.""}}]",14,0,2026-10-06T17:52:45+00:00,0.4524,14.842,W4-R001
yhmgohvf4p,2026-10-03T17:43:12.369Z,2026,4,2026-10-04,2026-10-04T13:00:00-04:00,Sunday,ARI @ NYG,NYG,trailing,control_rush,under,Cam Skattebo,RB,rush_attempts,15.5,under,0.4534,"Without Jaxson Dart, this offense needs to rely more on their run game than normal. I have him running more than the line suggests.",-104,-128,0.4759,-0.0225,,,,,,31,16,15,21,2.5,-2.5,44.5,outdoors,58,0.105,2.3,16.7,0.66,,[],18,0,2026-10-06T17:52:45+00:00,0.4534,16.143,W4-R001
6z33z62t8x,2026-10-03T17:51:56.337Z,2026,4,2026-10-04,2026-10-04T13:00:00-04:00,Sunday,ARI @ NYG,NYG,trailing,core_pass,over,Malik Nabers,WR,receptions,4.5,over,0.4,"Quarterbacking troubles have found the Giants. They traded for JJ McCarthy this week. We will see if he has an impact on the passing game, but for now the Giants have been struggling through the air.",-130,-102,0.5282,-0.1282,,,,,,31,16,15,21,2.5,-2.5,44.5,outdoors,58,0.24,4,0,0.68,,[],6,1,2026-10-06T17:52:45+00:00,0.4,3.867,W4-R001
9vszcwoo89,2026-10-03T17:52:41.142Z,2026,4,2026-10-04,2026-10-04T13:00:00-04:00,Sunday,ARI @ NYG,ARI,leading,control_pass,under,Michael Wilson,WR,receptions,5.5,under,0.3446,Wilson has been THE top target for this Arizona Offense. I would expect him to outdo his projection.,-160,120,0.5752,-0.2306,,,,,,16,31,15,23.5,2.5,-2.5,44.5,outdoors,65,0.266,6,0,0.91,,[],7,0,2026-10-06T17:52:45+00:00,0.3446,6.5,W4-R001
qd7l9ceewa,2026-10-03T17:53:50.641Z,2026,4,2026-10-04,2026-10-04T13:00:00-04:00,Sunday,DAL @ HOU,HOU,leading,core_rush,over,David Montgomery,RB,rush_attempts,11.5,over,0.6158,The Texans have struggled through the air this season. I would expect him to outdo his rushing projection.,-122,-108,0.5142,0.1016,,,,,,5,32,27,25.8,3,3,48.5,unknown,64,0.067,2.3,12.3,0.55,,[],10,0,2026-10-06T17:52:45+00:00,0.6158,13.12,W4-R001
m2g9bggxm1,2026-10-03T17:54:51.499Z,2026,4,2026-10-04,2026-10-04T13:00:00-04:00,Sunday,DAL @ HOU,DAL,trailing,control_rush,under,Javonte Williams,RB,rush_attempts,15.5,under,0.6198,"Williams had his most productive week yet last week, though I do not see that level of production continuing against this stark Houston defensive front.",-114,-114,0.5,0.1198,,,,,,32,5,27,22.8,3,3,48.5,unknown,58,0.124,3.3,14.3,0.76,,[],19,0,2026-10-06T17:52:45+00:00,0.6198,13.823,W4-R001
qiegoz1wod,2026-10-03T17:55:37.697Z,2026,4,2026-10-04,2026-10-04T13:00:00-04:00,Sunday,DAL @ HOU,DAL,trailing,core_pass,over,CeeDee Lamb,WR,receptions,5.5,over,0.652,Lamb continues to lead this Dallas passing attack. I expect him to continue his production against Houston given their aggressive defensive line.,-130,-102,0.5282,0.1238,,,,,,32,5,27,22.8,3,3,48.5,unknown,58,0.252,6.7,0.3,0.79,,[],17,1,2026-10-06T17:52:45+00:00,0.652,6.477,W4-R001
wwsh3olgat,2026-10-03T17:56:46.707Z,2026,4,2026-10-04,2026-10-04T13:00:00-04:00,Sunday,DAL @ HOU,HOU,leading,control_pass,under,Nico Collins,WR,receptions,5.5,under,0.2157,"Collins, outside of Dalton Schultz, is largely without help in this Houston pass attack. I disagree with the odds and expect Houston to be trailing in this game and require large chunk plays from Collins in order to keep it close.",-136,102,0.5379,-0.3222,,,,,,5,32,27,25.8,3,3,48.5,unknown,64,0.27,7,1,0.72,,[],7,0,2026-10-06T17:52:45+00:00,0.2157,7.467,W4-R001
8b91g1z1hk,2026-10-03T17:58:20.704Z,2026,4,2026-10-04,2026-10-04T13:00:00-04:00,Sunday,LA @ PHI,LA,leading,core_rush,over,Kyren Williams,RB,rush_attempts,13.5,over,0.5141,"Williams leads the LA rushing attack, though has seen his production dip in recent weeks with increased usage of Blake Corum. I expect a big week from Williams in the pass game, but his rushing production should continue as well.",-108,-122,0.4858,0.0283,,,,,,11,13,2,23,3.5,-3.5,42.5,outdoors,64.7,0.107,3.7,12.7,0.63,,[],16,1,2026-10-06T17:52:45+00:00,0.5141,13.695,W4-R001
gds28cgtu3,2026-10-03T17:59:42.603Z,2026,4,2026-10-04,2026-10-04T13:00:00-04:00,Sunday,LA @ PHI,PHI,trailing,control_rush,under,Saquon Barkley,RB,rush_attempts,16.5,under,0.8701,"Saquon has not seen near the same level of production as he did in his 2024 campaign. With recent injuries, I expect PHI to be conservative with his utilization, limiting him as a precaution. The Eagles will also be without their leading receiver this week in Devonta Smith, leading to the high line this week for Barkley.",-114,-114,0.5,0.3701,,,,,,13,11,2,19.5,3.5,-3.5,42.5,outdoors,54.7,0.077,1,11.3,0.53,,[],2,1,2026-10-06T17:52:45+00:00,0.8701,10.302,W4-R001
33smz7uvlz,2026-10-03T18:00:05.049Z,2026,4,2026-10-04,2026-10-04T13:00:00-04:00,Sunday,LA @ PHI,PHI,trailing,core_pass,over,DeVonta Smith,WR,receptions,,,,,,,,,,,,,,13,11,2,19.5,3.5,-3.5,42.5,outdoors,54.7,0.325,6.3,0,0.94,Ruled out for Week 4,[],,skip,,,,
eaeq1xsw07,2026-10-03T18:01:58.857Z,2026,4,2026-10-04,2026-10-04T13:00:00-04:00,Sunday,LA @ PHI,LA,leading,control_pass,under,Puka Nacua,WR,receptions,5.5,under,0.3446,"Puka has an innate ability to create separation and make difficult catches in traffic. The PHI pass defense is not the same animal it has been in years past, I expect Puka to have production, but remain somewhat limited as he continues to battle a hip injury.",128,-172,0.4095,-0.0649,,,,,,11,13,2,23,3.5,-3.5,42.5,outdoors,64.7,0.333,5,0,0.7,,[],9,0,2026-10-06T17:52:45+00:00,0.3446,6.5,W4-R001
3izoi1dxjp,2026-10-03T18:02:59.765Z,2026,4,2026-10-04,2026-10-04T13:00:00-04:00,Sunday,NYJ @ CHI,CHI,leading,core_rush,over,D'Andre Swift,RB,rush_attempts,14.5,over,0.8546,"Swift remains the lead back in this potent CHI rush attack. Without their starting QB still, CHI will have to lean more on Swift to move the chains.",-136,102,0.5379,0.3167,,,,,,22,25,3,23.5,3.5,3.5,43.5,outdoors,67.7,0.098,2.7,18,0.65,,[],15,1,2026-10-06T17:52:45+00:00,0.8546,20.31,W4-R001
cdy87c49sg,2026-10-03T18:03:07.187Z,2026,4,2026-10-04,2026-10-04T13:00:00-04:00,Sunday,NYJ @ CHI,NYJ,trailing,control_rush,under,Breece Hall,RB,rush_attempts,,,,,,,,,,,,,,25,22,3,20,3.5,3.5,43.5,outdoors,62.3,0.103,3.3,17,0.57,Ruled out in week 4,[],,skip,,,,
mg9eczcsum,2026-10-03T18:04:05.625Z,2026,4,2026-10-04,2026-10-04T13:00:00-04:00,Sunday,NYJ @ CHI,NYJ,trailing,core_pass,over,Garrett Wilson,WR,receptions,6.5,over,0.6207,"Wilson remains the highlight of this NYJ offense. Without their star running back in Breece Hall, NYJ will rely more on the pass attack to move the chains. I expect a big week from Wilson",-102,-130,0.4718,0.1489,,,,,,25,22,3,20,3.5,3.5,43.5,outdoors,62.3,0.287,7,0,0.86,,[],3,0,2026-10-06T17:52:45+00:00,0.6207,7.268,W4-R001
05yloiq665,2026-10-03T18:05:01.354Z,2026,4,2026-10-04,2026-10-04T13:00:00-04:00,Sunday,NYJ @ CHI,CHI,leading,control_pass,under,Luther Burden III,WR,receptions,4.5,under,0.324,"Burden III has been the star bass catcher in this CHI offense. Despite missing their starting QB, I predict Burden III will continue to see production.",-140,106,0.5458,-0.2218,,,,,,22,25,3,23.5,3.5,3.5,43.5,outdoors,67.7,0.25,5,0.7,,,[],4,1,2026-10-06T17:52:45+00:00,0.324,5.642,W4-R001
vl9x3985ak,2026-10-03T18:05:59.686Z,2026,4,2026-10-04,2026-10-04T16:05:00-04:00,Sunday,MIA @ MIN,MIN,leading,core_rush,over,Aaron Jones,RB,rush_attempts,16.5,over,0.5578,QB woes continue in MIN. I expect Aaron Jones to be a big part of the offense this week.,-114,-114,0.5,0.0578,,,,,,1,22,21,24.2,10,10,38.5,dome,52.7,0.094,1.7,17.3,0.69,,[],20,1,2026-10-06T17:52:45+00:00,0.5578,17.3,W4-R001
sghh88hzpj,2026-10-03T18:06:12.121Z,2026,4,2026-10-04,2026-10-04T16:05:00-04:00,Sunday,MIA @ MIN,MIA,trailing,control_rush,under,De'Von Achane,RB,rush_attempts,,,,,,,,,,,,,,22,1,21,14.2,10,10,38.5,dome,54.7,0.158,2.3,11.3,0.56,Ruled out for week 4,[],,skip,,,,
ecpkdlhhtr,2026-10-03T18:06:57.192Z,2026,4,2026-10-04,2026-10-04T16:05:00-04:00,Sunday,MIA @ MIN,MIA,trailing,core_pass,over,Malik Washington,WR,receptions,3.5,over,0.5234,Washington has been the highlight of this pitiful MIA pass attack. I expect him to exceed his line.,-198,146,0.6204,-0.097,,,,,,22,1,21,14.2,10,10,38.5,dome,54.7,0.266,4,1,0.86,,[],5,1,2026-10-06T17:52:45+00:00,0.5234,3.647,W4-R001
5ld2q7acz0,2026-10-03T18:07:09.086Z,2026,4,2026-10-04,2026-10-04T16:05:00-04:00,Sunday,MIA @ MIN,MIN,leading,control_pass,under,Justin Jefferson,WR,receptions,,,,,,,,,,,,,,1,22,21,24.2,10,10,38.5,dome,52.7,0.262,4.3,0,0.68,Ruled out for week 4,[],,skip,,,,
bfmaqqwwdq,2026-10-03T18:07:41.670Z,2026,4,2026-10-04,2026-10-04T16:25:00-04:00,Sunday,LAC @ SEA,SEA,leading,core_rush,over,Emanuel Wilson,RB,rush_attempts,,,,,,,,,,,,,,2,6,4,24.8,7,7,42.5,outdoors,58.7,0.013,0,10.7,0.28,No line posted yet,[],,skip,,,,
3y5ob7oroa,2026-10-03T18:09:08.603Z,2026,4,2026-10-04,2026-10-04T16:25:00-04:00,Sunday,LAC @ SEA,LAC,trailing,control_rush,under,Omarion Hampton,RB,rush_attempts,13.5,under,0.3466,"Hampton has not seen the expected production from his hype during the off season. If LAC would like to turn things around they must get Hampton more involved. Though, SEA has a stark run defense.",-130,-102,0.5282,-0.1816,,,,,,6,2,4,17.8,7,7,42.5,outdoors,56.3,0.036,0.7,16.7,0.54,,[],9,1,2026-10-06T17:52:45+00:00,0.3466,15.67,W4-R001
8jwbik677w,2026-10-03T18:09:51.547Z,2026,4,2026-10-04,2026-10-04T16:25:00-04:00,Sunday,LAC @ SEA,LAC,trailing,core_pass,over,Quentin Johnston,WR,receptions,2.5,over,0.4016,LAC has struggled majorly offensively this season. I expect this to continue and do not expect Johnston to meet his projection.,-188,140,0.6104,-0.2088,,,,,,6,2,4,17.8,7,7,42.5,outdoors,56.3,0.199,2,0.3,0.82,,[],1,0,2026-10-06T17:52:45+00:00,0.4016,1.877,W4-R001
2wyo7o8o4j,2026-10-03T18:10:35.305Z,2026,4,2026-10-04,2026-10-04T16:25:00-04:00,Sunday,LAC @ SEA,SEA,leading,control_pass,under,Jaxon Smith-Njigba,WR,receptions,6.5,under,0.1783,JSN has been the star of the NFL so far this season. I do not expect this to change this week against this LAC team that has been on life-support so far this season.,104,-138,0.4581,-0.2798,,,,,,2,6,4,24.8,7,7,42.5,outdoors,58.7,0.398,9,0,0.81,,[],5,1,2026-10-06T17:52:45+00:00,0.1783,8.805,W4-R001
